[
	{
		"id":1,
		"image":"http://www.beijingtianxi.cn/doctor/images/dengshan/ts1.png",
		"title":"AMH检测",
		"con":"不受经期影响，随时可检查"
	},
	{
		"id":2,
		"image":"http://www.beijingtianxi.cn/doctor/images/dengshan/cx.png",
		"title":"脆性X综合征",
		"con":"不受经期影响，随时可检查"
	},
	{
		"id":3,
		"image":"http://www.beijingtianxi.cn/doctor/images/dengshan/rst.png",
		"title":"染色体核型分析",
		"con":"不受经期影响，随时可检查"
	}

]