[


	{
		"id":1,
		"img": "../../static/images/index/img1.png",
		"name": "术后GnRHa使用注意事项",
		"con": "首次用药黑丝大师说点事后sad啥沙发和赛欧沙发哈司法傻小子创造性司法局安保费时间啊背景发生科技部分进口萨比鼠标点击萨科技部被警方撒开办费"
	},
	{
		"id":2,
		"img": "../../static/images/index/img3.jpeg",
		"name": "术后GnRHa使用注意事项",
		"con": "首次用药黑丝大师说点事后sad啥沙发和赛欧沙发哈司法傻小子创造性司法局安保费时间啊背景发生科技部分进口萨比鼠标点击萨科技部被警方撒开办费"
	},
	{
		"id":3,
		"img": "../../static/images/index/img18.jpg",
		"name": "术后GnRHa使用注意事项",
		"con": "首次用药黑丝大师说点事后sad啥沙发和赛欧沙发哈司法傻小子创造性司法局安保费时间啊背景发生科技部分进口萨比鼠标点击萨科技部被警方撒开办费"
	}


]
