[
	{
		"id":1,
		"image":"http://www.beijingtianxi.cn/doctor/images/dengshan/lc_1.jpg",
		"title":"脉冲式GnRH能否改善多囊卵巢",
		"con":"欢迎您参加“脉冲式GnRH能否改善多囊",
		"unit":"北京协和医院",
		"body":"的活塞的水啊会发生纠纷化解按实际发货撒娇和"
	},
	{
		"id":2,
		"image":"http://www.beijingtianxi.cn/doctor/images/dengshan/lc_2.jpg",
		"title":"脉冲式GnRH能否改善多囊卵巢",
		"con":"欢迎您参加脉冲式",
		"body":"的活塞的水啊会发生纠纷化解按实际发货撒娇和",
		"unit":"北京协和医院"
	},
	{
		"id":3,
		"image":"http://www.beijingtianxi.cn/doctor/images/dengshan/lc_3.jpg",
		"title":"脉冲式GnRH能否改善多囊卵巢",
		"con":"欢迎您参加“脉冲式GnRH能否改善多囊",
		"unit":"北京协和医院",
		"body":"的活塞的水啊会发生纠纷化解按实际发货撒娇和"
	}

]